Sample in Buffer,Sample in Window,TRIGGER,design_1_i/audio_reader_0_playing,design_1_i/audio_reader_0_finished,design_1_i/audio_reader_0_buzzer,design_1_i/blk_mem_gen_0_douta[7:0],design_1_i/audio_reader_0_address[7:0]
Radix - UNSIGNED,UNSIGNED,UNSIGNED,HEX,HEX,HEX,HEX,HEX
0,0,0,1,0,1,7f,ff
1,1,0,1,0,1,7f,ff
2,2,0,1,0,1,7f,ff
3,3,0,1,0,1,7f,ff
4,4,0,1,0,1,7f,ff
5,5,0,1,0,1,7f,ff
6,6,0,1,0,1,7f,ff
7,7,0,1,0,1,7f,ff
8,8,0,1,0,1,7f,ff
9,9,0,1,0,1,7f,ff
10,10,0,1,0,1,7f,ff
11,11,0,1,0,1,7f,ff
12,12,0,1,0,1,7f,ff
13,13,0,1,0,1,7f,ff
14,14,0,1,0,1,7f,ff
15,15,0,1,0,1,7f,ff
16,16,0,1,0,1,7f,ff
17,17,0,1,0,1,7f,ff
18,18,0,1,0,1,7f,ff
19,19,0,1,0,1,7f,ff
20,20,0,1,0,1,7f,ff
21,21,0,1,0,1,7f,ff
22,22,0,1,0,1,7f,ff
23,23,0,1,0,1,7f,ff
24,24,0,1,0,1,7f,ff
25,25,0,1,0,1,7f,ff
26,26,0,1,0,1,7f,ff
27,27,0,1,0,1,7f,ff
28,28,0,1,0,1,7f,ff
29,29,0,1,0,1,7f,ff
30,30,0,1,0,1,7f,ff
31,31,0,1,0,1,7f,ff
32,32,0,1,0,1,7f,ff
33,33,0,1,0,1,7f,ff
34,34,0,1,0,1,7f,ff
35,35,0,1,0,1,7f,ff
36,36,0,1,0,1,7f,ff
37,37,0,1,0,1,7f,ff
38,38,0,1,0,1,7f,ff
39,39,0,1,0,1,7f,ff
40,40,0,1,0,1,7f,ff
41,41,0,1,0,1,7f,ff
42,42,0,1,0,1,7f,ff
43,43,0,1,0,1,7f,ff
44,44,0,1,0,1,7f,ff
45,45,0,1,0,1,7f,ff
46,46,0,1,0,1,7f,ff
47,47,0,1,0,1,7f,ff
48,48,0,1,0,1,7f,ff
49,49,0,1,0,1,7f,ff
50,50,0,1,0,1,7f,ff
51,51,0,1,0,1,7f,ff
52,52,0,1,0,1,7f,ff
53,53,0,1,0,1,7f,ff
54,54,0,1,0,1,7f,ff
55,55,0,1,0,1,7f,ff
56,56,0,1,0,1,7f,ff
57,57,0,1,0,1,7f,ff
58,58,0,1,0,1,7f,ff
59,59,0,1,0,1,7f,ff
60,60,0,1,0,1,7f,ff
61,61,0,1,0,1,7f,ff
62,62,0,1,0,1,7f,ff
63,63,0,1,0,1,7f,ff
64,64,0,1,0,1,7f,ff
65,65,0,1,0,1,7f,ff
66,66,0,1,0,1,7f,ff
67,67,0,1,0,1,7f,ff
68,68,0,1,0,1,7f,ff
69,69,0,1,0,1,7f,ff
70,70,0,1,0,1,7f,ff
71,71,0,1,0,1,7f,ff
72,72,0,1,0,1,7f,ff
73,73,0,1,0,1,7f,ff
74,74,0,1,0,1,7f,ff
75,75,0,1,0,1,7f,ff
76,76,0,1,0,1,7f,ff
77,77,0,1,0,1,7f,ff
78,78,0,1,0,1,7f,ff
79,79,0,1,0,1,7f,ff
80,80,0,1,0,1,7f,ff
81,81,0,1,0,1,7f,ff
82,82,0,1,0,1,7f,ff
83,83,0,1,0,1,7f,ff
84,84,0,1,0,1,7f,ff
85,85,0,1,0,1,7f,ff
86,86,0,1,0,1,7f,ff
87,87,0,1,0,1,7f,ff
88,88,0,1,0,1,7f,ff
89,89,0,1,0,1,7f,ff
90,90,0,1,0,1,7f,ff
91,91,0,1,0,1,7f,ff
92,92,0,1,0,1,7f,ff
93,93,0,1,0,1,7f,ff
94,94,0,1,0,1,7f,ff
95,95,0,1,0,1,7f,ff
96,96,0,1,0,1,7f,ff
97,97,0,1,0,1,7f,ff
98,98,0,1,0,1,7f,ff
99,99,0,1,0,1,7f,ff
100,100,0,1,0,1,7f,ff
101,101,0,1,0,1,7f,ff
102,102,0,1,0,1,7f,ff
103,103,0,1,0,1,7f,ff
104,104,0,1,0,1,7f,ff
105,105,0,1,0,1,7f,ff
106,106,0,1,0,1,7f,ff
107,107,0,1,0,1,7f,ff
108,108,0,1,0,1,7f,ff
109,109,0,1,0,1,7f,ff
110,110,0,1,0,1,7f,ff
111,111,0,1,0,1,7f,ff
112,112,0,1,0,1,7f,ff
113,113,0,1,0,1,7f,ff
114,114,0,1,0,1,7f,ff
115,115,0,1,0,1,7f,ff
116,116,0,1,0,1,7f,ff
117,117,0,1,0,1,7f,ff
118,118,0,1,0,1,7f,ff
119,119,0,1,0,1,7f,ff
120,120,0,1,0,1,7f,ff
121,121,0,1,0,1,7f,ff
122,122,0,1,0,1,7f,ff
123,123,0,1,0,1,7f,ff
124,124,0,1,0,1,7f,ff
125,125,0,1,0,1,7f,ff
126,126,0,1,0,1,7f,ff
127,127,0,1,0,1,7f,ff
128,128,0,1,0,1,7f,ff
129,129,0,1,0,1,7f,ff
130,130,0,1,0,1,7f,ff
131,131,0,1,0,1,7f,ff
132,132,0,1,0,1,7f,ff
133,133,0,1,0,1,7f,ff
134,134,0,1,0,1,7f,ff
135,135,0,1,0,1,7f,ff
136,136,0,1,0,1,7f,ff
137,137,0,1,0,1,7f,ff
138,138,0,1,0,1,7f,ff
139,139,0,1,0,1,7f,ff
140,140,0,1,0,1,7f,ff
141,141,0,1,0,1,7f,ff
142,142,0,1,0,1,7f,ff
143,143,0,1,0,1,7f,ff
144,144,0,1,0,1,7f,ff
145,145,0,1,0,1,7f,ff
146,146,0,1,0,1,7f,ff
147,147,0,1,0,1,7f,ff
148,148,0,1,0,1,7f,ff
149,149,0,1,0,1,7f,ff
150,150,0,1,0,1,7f,ff
151,151,0,1,0,1,7f,ff
152,152,0,1,0,1,7f,ff
153,153,0,1,0,1,7f,ff
154,154,0,1,0,1,7f,ff
155,155,0,1,0,1,7f,ff
156,156,0,1,0,1,7f,ff
157,157,0,1,0,1,7f,ff
158,158,0,1,0,1,7f,ff
159,159,0,1,0,1,7f,ff
160,160,0,1,0,1,7f,ff
161,161,0,1,0,1,7f,ff
162,162,0,1,0,1,7f,ff
163,163,0,1,0,1,7f,ff
164,164,0,1,0,1,7f,ff
165,165,0,1,0,1,7f,ff
166,166,0,1,0,1,7f,ff
167,167,0,1,0,1,7f,ff
168,168,0,1,0,1,7f,ff
169,169,0,1,0,1,7f,ff
170,170,0,1,0,1,7f,ff
171,171,0,1,0,1,7f,ff
172,172,0,1,0,1,7f,ff
173,173,0,1,0,1,7f,ff
174,174,0,1,0,1,7f,ff
175,175,0,1,0,1,7f,ff
176,176,0,1,0,1,7f,ff
177,177,0,1,0,1,7f,ff
178,178,0,1,0,1,7f,ff
179,179,0,1,0,1,7f,ff
180,180,0,1,0,1,7f,ff
181,181,0,1,0,1,7f,ff
182,182,0,1,0,1,7f,ff
183,183,0,1,0,1,7f,ff
184,184,0,1,0,1,7f,ff
185,185,0,1,0,1,7f,ff
186,186,0,1,0,1,7f,ff
187,187,0,1,0,1,7f,ff
188,188,0,1,0,1,7f,ff
189,189,0,1,0,1,7f,ff
190,190,0,1,0,1,7f,ff
191,191,0,1,0,1,7f,ff
192,192,0,1,0,1,7f,ff
193,193,0,1,0,1,7f,ff
194,194,0,1,0,1,7f,ff
195,195,0,1,0,1,7f,ff
196,196,0,1,0,1,7f,ff
197,197,0,1,0,1,7f,ff
198,198,0,1,0,1,7f,ff
199,199,0,1,0,1,7f,ff
200,200,0,1,0,1,7f,ff
201,201,0,1,0,1,7f,ff
202,202,0,1,0,1,7f,ff
203,203,0,1,0,1,7f,ff
204,204,0,1,0,1,7f,ff
205,205,0,1,0,1,7f,ff
206,206,0,1,0,1,7f,ff
207,207,0,1,0,1,7f,ff
208,208,0,1,0,1,7f,ff
209,209,0,1,0,1,7f,ff
210,210,0,1,0,1,7f,ff
211,211,0,1,0,1,7f,ff
212,212,0,1,0,1,7f,ff
213,213,0,1,0,1,7f,ff
214,214,0,1,0,1,7f,ff
215,215,0,1,0,1,7f,ff
216,216,0,1,0,1,7f,ff
217,217,0,1,0,1,7f,ff
218,218,0,1,0,1,7f,ff
219,219,0,1,0,1,7f,ff
220,220,0,1,0,1,7f,ff
221,221,0,1,0,1,7f,ff
222,222,0,1,0,1,7f,ff
223,223,0,1,0,1,7f,ff
224,224,0,1,0,1,7f,ff
225,225,0,1,0,1,7f,ff
226,226,0,1,0,1,7f,ff
227,227,0,1,0,1,7f,ff
228,228,0,1,0,1,7f,ff
229,229,0,1,0,1,7f,ff
230,230,0,1,0,1,7f,ff
231,231,0,1,0,1,7f,ff
232,232,0,1,0,1,7f,ff
233,233,0,1,0,1,7f,ff
234,234,0,1,0,1,7f,ff
235,235,0,1,0,1,7f,ff
236,236,0,1,0,1,7f,ff
237,237,0,1,0,1,7f,ff
238,238,0,1,0,1,7f,ff
239,239,0,1,0,1,7f,ff
240,240,0,1,0,1,7f,ff
241,241,0,1,0,1,7f,ff
242,242,0,1,0,1,7f,ff
243,243,0,1,0,1,7f,ff
244,244,0,1,0,1,7f,ff
245,245,0,1,0,1,7f,ff
246,246,0,1,0,1,7f,ff
247,247,0,1,0,1,7f,ff
248,248,0,1,0,1,7f,ff
249,249,0,1,0,1,7f,ff
250,250,0,1,0,1,7f,ff
251,251,0,1,0,1,7f,ff
252,252,0,1,0,1,7f,ff
253,253,0,1,0,1,7f,ff
254,254,0,1,0,1,7f,ff
255,255,0,1,0,1,7f,ff
256,256,0,1,0,1,7f,ff
257,257,0,1,0,1,7f,ff
258,258,0,1,0,1,7f,ff
259,259,0,1,0,1,7f,ff
260,260,0,1,0,1,7f,ff
261,261,0,1,0,1,7f,ff
262,262,0,1,0,1,7f,ff
263,263,0,1,0,1,7f,ff
264,264,0,1,0,1,7f,ff
265,265,0,1,0,1,7f,ff
266,266,0,1,0,1,7f,ff
267,267,0,1,0,1,7f,ff
268,268,0,1,0,1,7f,ff
269,269,0,1,0,1,7f,ff
270,270,0,1,0,1,7f,ff
271,271,0,1,0,1,7f,ff
272,272,0,1,0,1,7f,ff
273,273,0,1,0,1,7f,ff
274,274,0,1,0,1,7f,ff
275,275,0,1,0,1,7f,ff
276,276,0,1,0,1,7f,ff
277,277,0,1,0,1,7f,ff
278,278,0,1,0,1,7f,ff
279,279,0,1,0,1,7f,ff
280,280,0,1,0,1,7f,ff
281,281,0,1,0,1,7f,ff
282,282,0,1,0,1,7f,ff
283,283,0,1,0,1,7f,ff
284,284,0,1,0,1,7f,ff
285,285,0,1,0,1,7f,ff
286,286,0,1,0,1,7f,ff
287,287,0,1,0,1,7f,ff
288,288,0,1,0,1,7f,ff
289,289,0,1,0,1,7f,ff
290,290,0,1,0,1,7f,ff
291,291,0,1,0,1,7f,ff
292,292,0,1,0,1,7f,ff
293,293,0,1,0,1,7f,ff
294,294,0,1,0,1,7f,ff
295,295,0,1,0,1,7f,ff
296,296,0,1,0,1,7f,ff
297,297,0,1,0,1,7f,ff
298,298,0,1,0,1,7f,ff
299,299,0,1,0,1,7f,ff
300,300,0,1,0,1,7f,ff
301,301,0,1,0,1,7f,ff
302,302,0,1,0,1,7f,ff
303,303,0,1,0,1,7f,ff
304,304,0,1,0,1,7f,ff
305,305,0,1,0,1,7f,ff
306,306,0,1,0,1,7f,ff
307,307,0,1,0,1,7f,ff
308,308,0,1,0,1,7f,ff
309,309,0,1,0,1,7f,ff
310,310,0,1,0,1,7f,ff
311,311,0,1,0,1,7f,ff
312,312,0,1,0,1,7f,ff
313,313,0,1,0,1,7f,ff
314,314,0,1,0,1,7f,ff
315,315,0,1,0,1,7f,ff
316,316,0,1,0,1,7f,ff
317,317,0,1,0,1,7f,ff
318,318,0,1,0,1,7f,ff
319,319,0,1,0,1,7f,ff
320,320,0,1,0,1,7f,ff
321,321,0,1,0,1,7f,ff
322,322,0,1,0,1,7f,ff
323,323,0,1,0,1,7f,ff
324,324,0,1,0,1,7f,ff
325,325,0,1,0,1,7f,ff
326,326,0,1,0,1,7f,ff
327,327,0,1,0,1,7f,ff
328,328,0,1,0,1,7f,ff
329,329,0,1,0,1,7f,ff
330,330,0,1,0,1,7f,ff
331,331,0,1,0,1,7f,ff
332,332,0,1,0,1,7f,ff
333,333,0,1,0,1,7f,ff
334,334,0,1,0,1,7f,ff
335,335,0,1,0,1,7f,ff
336,336,0,1,0,1,7f,ff
337,337,0,1,0,1,7f,ff
338,338,0,1,0,1,7f,ff
339,339,0,1,0,1,7f,ff
340,340,0,1,0,1,7f,ff
341,341,0,1,0,1,7f,ff
342,342,0,1,0,1,7f,ff
343,343,0,1,0,1,7f,ff
344,344,0,1,0,1,7f,ff
345,345,0,1,0,1,7f,ff
346,346,0,1,0,1,7f,ff
347,347,0,1,0,1,7f,ff
348,348,0,1,0,1,7f,ff
349,349,0,1,0,1,7f,ff
350,350,0,1,0,1,7f,ff
351,351,0,1,0,1,7f,ff
352,352,0,1,0,1,7f,ff
353,353,0,1,0,1,7f,ff
354,354,0,1,0,1,7f,ff
355,355,0,1,0,1,7f,ff
356,356,0,1,0,1,7f,ff
357,357,0,1,0,1,7f,ff
358,358,0,1,0,1,7f,ff
359,359,0,1,0,1,7f,ff
360,360,0,1,0,1,7f,ff
361,361,0,1,0,1,7f,ff
362,362,0,1,0,1,7f,ff
363,363,0,1,0,1,7f,ff
364,364,0,1,0,1,7f,ff
365,365,0,1,0,1,7f,ff
366,366,0,1,0,1,7f,ff
367,367,0,1,0,1,7f,ff
368,368,0,1,0,1,7f,ff
369,369,0,1,0,1,7f,ff
370,370,0,1,0,1,7f,ff
371,371,0,1,0,1,7f,ff
372,372,0,1,0,1,7f,ff
373,373,0,1,0,1,7f,ff
374,374,0,1,0,1,7f,ff
375,375,0,1,0,1,7f,ff
376,376,0,1,0,1,7f,ff
377,377,0,1,0,1,7f,ff
378,378,0,1,0,1,7f,ff
379,379,0,1,0,1,7f,ff
380,380,0,1,0,1,7f,ff
381,381,0,1,0,1,7f,ff
382,382,0,1,0,1,7f,ff
383,383,0,1,0,1,7f,ff
384,384,0,1,0,1,7f,ff
385,385,0,1,0,1,7f,ff
386,386,0,1,0,1,7f,ff
387,387,0,1,0,1,7f,ff
388,388,0,1,0,1,7f,ff
389,389,0,1,0,1,7f,ff
390,390,0,1,0,1,7f,ff
391,391,0,1,0,1,7f,ff
392,392,0,1,0,1,7f,ff
393,393,0,1,0,1,7f,ff
394,394,0,1,0,1,7f,ff
395,395,0,1,0,1,7f,ff
396,396,0,1,0,1,7f,ff
397,397,0,1,0,1,7f,ff
398,398,0,1,0,1,7f,ff
399,399,0,1,0,1,7f,ff
400,400,0,1,0,1,7f,ff
401,401,0,1,0,1,7f,ff
402,402,0,1,0,1,7f,ff
403,403,0,1,0,1,7f,ff
404,404,0,1,0,1,7f,ff
405,405,0,1,0,1,7f,ff
406,406,0,1,0,1,7f,ff
407,407,0,1,0,1,7f,ff
408,408,0,1,0,1,7f,ff
409,409,0,1,0,1,7f,ff
410,410,0,1,0,1,7f,ff
411,411,0,1,0,1,7f,ff
412,412,0,1,0,1,7f,ff
413,413,0,1,0,1,7f,ff
414,414,0,1,0,1,7f,ff
415,415,0,1,0,1,7f,ff
416,416,0,1,0,1,7f,ff
417,417,0,1,0,1,7f,ff
418,418,0,1,0,1,7f,ff
419,419,0,1,0,1,7f,ff
420,420,0,1,0,1,7f,ff
421,421,0,1,0,1,7f,ff
422,422,0,1,0,1,7f,ff
423,423,0,1,0,1,7f,ff
424,424,0,1,0,1,7f,ff
425,425,0,1,0,1,7f,ff
426,426,0,1,0,1,7f,ff
427,427,0,1,0,1,7f,ff
428,428,0,1,0,1,7f,ff
429,429,0,1,0,1,7f,ff
430,430,0,1,0,1,7f,ff
431,431,0,1,0,1,7f,ff
432,432,0,1,0,1,7f,ff
433,433,0,1,0,1,7f,ff
434,434,0,1,0,1,7f,ff
435,435,0,1,0,1,7f,ff
436,436,0,1,0,1,7f,ff
437,437,0,1,0,1,7f,ff
438,438,0,1,0,1,7f,ff
439,439,0,1,0,1,7f,ff
440,440,0,1,0,1,7f,ff
441,441,0,1,0,1,7f,ff
442,442,0,1,0,1,7f,ff
443,443,0,1,0,1,7f,ff
444,444,0,1,0,1,7f,ff
445,445,0,1,0,1,7f,ff
446,446,0,1,0,1,7f,ff
447,447,0,1,0,1,7f,ff
448,448,0,1,0,1,7f,ff
449,449,0,1,0,1,7f,ff
450,450,0,1,0,1,7f,ff
451,451,0,1,0,1,7f,ff
452,452,0,1,0,1,7f,ff
453,453,0,1,0,1,7f,ff
454,454,0,1,0,1,7f,ff
455,455,0,1,0,1,7f,ff
456,456,0,1,0,1,7f,ff
457,457,0,1,0,1,7f,ff
458,458,0,1,0,1,7f,ff
459,459,0,1,0,1,7f,ff
460,460,0,1,0,1,7f,ff
461,461,0,1,0,1,7f,ff
462,462,0,1,0,1,7f,ff
463,463,0,1,0,1,7f,ff
464,464,0,1,0,1,7f,ff
465,465,0,1,0,1,7f,ff
466,466,0,1,0,1,7f,ff
467,467,0,1,0,1,7f,ff
468,468,0,1,0,1,7f,ff
469,469,0,1,0,1,7f,ff
470,470,0,1,0,1,7f,ff
471,471,0,1,0,1,7f,ff
472,472,0,1,0,1,7f,ff
473,473,0,1,0,1,7f,ff
474,474,0,1,0,1,7f,ff
475,475,0,1,0,1,7f,ff
476,476,0,1,0,1,7f,ff
477,477,0,1,0,1,7f,ff
478,478,0,1,0,1,7f,ff
479,479,0,1,0,1,7f,ff
480,480,0,1,0,1,7f,ff
481,481,0,1,0,1,7f,ff
482,482,0,1,0,1,7f,ff
483,483,0,1,0,1,7f,ff
484,484,0,1,0,1,7f,ff
485,485,0,1,0,1,7f,ff
486,486,0,1,0,1,7f,ff
487,487,0,1,0,1,7f,ff
488,488,0,1,0,1,7f,ff
489,489,0,1,0,1,7f,ff
490,490,0,1,0,1,7f,ff
491,491,0,1,0,1,7f,ff
492,492,0,1,0,1,7f,ff
493,493,0,1,0,1,7f,ff
494,494,0,1,0,1,7f,ff
495,495,0,1,0,1,7f,ff
496,496,0,1,0,1,7f,ff
497,497,0,1,0,1,7f,ff
498,498,0,1,0,1,7f,ff
499,499,0,1,0,1,7f,ff
500,500,0,1,0,1,7f,ff
501,501,0,1,0,1,7f,ff
502,502,0,1,0,1,7f,ff
503,503,0,1,0,1,7f,ff
504,504,0,1,0,1,7f,ff
505,505,0,1,0,1,7f,ff
506,506,0,1,0,1,7f,ff
507,507,0,1,0,1,7f,ff
508,508,0,1,0,1,7f,ff
509,509,0,1,0,1,7f,ff
510,510,0,1,0,1,7f,ff
511,511,0,1,0,1,7f,ff
512,512,1,1,1,1,7f,ff
513,513,0,0,0,0,7f,ff
514,514,0,0,0,0,7f,ff
515,515,0,0,0,0,7f,ff
516,516,0,0,0,0,7f,ff
517,517,0,0,0,0,7f,ff
518,518,0,0,0,0,7f,ff
519,519,0,0,0,0,7f,ff
520,520,0,0,0,0,7f,ff
521,521,0,0,0,0,7f,ff
522,522,0,0,0,0,7f,ff
523,523,0,0,0,0,7f,ff
524,524,0,0,0,0,7f,ff
525,525,0,0,0,0,7f,ff
526,526,0,0,0,0,7f,ff
527,527,0,0,0,0,7f,ff
528,528,0,0,0,0,7f,ff
529,529,0,0,0,0,7f,ff
530,530,0,0,0,0,7f,ff
531,531,0,0,0,0,7f,ff
532,532,0,0,0,0,7f,ff
533,533,0,0,0,0,7f,ff
534,534,0,0,0,0,7f,ff
535,535,0,0,0,0,7f,ff
536,536,0,0,0,0,7f,ff
537,537,0,0,0,0,7f,ff
538,538,0,0,0,0,7f,ff
539,539,0,0,0,0,7f,ff
540,540,0,0,0,0,7f,ff
541,541,0,0,0,0,7f,ff
542,542,0,0,0,0,7f,ff
543,543,0,0,0,0,7f,ff
544,544,0,0,0,0,7f,ff
545,545,0,0,0,0,7f,ff
546,546,0,0,0,0,7f,ff
547,547,0,0,0,0,7f,ff
548,548,0,0,0,0,7f,ff
549,549,0,0,0,0,7f,ff
550,550,0,0,0,0,7f,ff
551,551,0,0,0,0,7f,ff
552,552,0,0,0,0,7f,ff
553,553,0,0,0,0,7f,ff
554,554,0,0,0,0,7f,ff
555,555,0,0,0,0,7f,ff
556,556,0,0,0,0,7f,ff
557,557,0,0,0,0,7f,ff
558,558,0,0,0,0,7f,ff
559,559,0,0,0,0,7f,ff
560,560,0,0,0,0,7f,ff
561,561,0,0,0,0,7f,ff
562,562,0,0,0,0,7f,ff
563,563,0,0,0,0,7f,ff
564,564,0,0,0,0,7f,ff
565,565,0,0,0,0,7f,ff
566,566,0,0,0,0,7f,ff
567,567,0,0,0,0,7f,ff
568,568,0,0,0,0,7f,ff
569,569,0,0,0,0,7f,ff
570,570,0,0,0,0,7f,ff
571,571,0,0,0,0,7f,ff
572,572,0,0,0,0,7f,ff
573,573,0,0,0,0,7f,ff
574,574,0,0,0,0,7f,ff
575,575,0,0,0,0,7f,ff
576,576,0,0,0,0,7f,ff
577,577,0,0,0,0,7f,ff
578,578,0,0,0,0,7f,ff
579,579,0,0,0,0,7f,ff
580,580,0,0,0,0,7f,ff
581,581,0,0,0,0,7f,ff
582,582,0,0,0,0,7f,ff
583,583,0,0,0,0,7f,ff
584,584,0,0,0,0,7f,ff
585,585,0,0,0,0,7f,ff
586,586,0,0,0,0,7f,ff
587,587,0,0,0,0,7f,ff
588,588,0,0,0,0,7f,ff
589,589,0,0,0,0,7f,ff
590,590,0,0,0,0,7f,ff
591,591,0,0,0,0,7f,ff
592,592,0,0,0,0,7f,ff
593,593,0,0,0,0,7f,ff
594,594,0,0,0,0,7f,ff
595,595,0,0,0,0,7f,ff
596,596,0,0,0,0,7f,ff
597,597,0,0,0,0,7f,ff
598,598,0,0,0,0,7f,ff
599,599,0,0,0,0,7f,ff
600,600,0,0,0,0,7f,ff
601,601,0,0,0,0,7f,ff
602,602,0,0,0,0,7f,ff
603,603,0,0,0,0,7f,ff
604,604,0,0,0,0,7f,ff
605,605,0,0,0,0,7f,ff
606,606,0,0,0,0,7f,ff
607,607,0,0,0,0,7f,ff
608,608,0,0,0,0,7f,ff
609,609,0,0,0,0,7f,ff
610,610,0,0,0,0,7f,ff
611,611,0,0,0,0,7f,ff
612,612,0,0,0,0,7f,ff
613,613,0,0,0,0,7f,ff
614,614,0,0,0,0,7f,ff
615,615,0,0,0,0,7f,ff
616,616,0,0,0,0,7f,ff
617,617,0,0,0,0,7f,ff
618,618,0,0,0,0,7f,ff
619,619,0,0,0,0,7f,ff
620,620,0,0,0,0,7f,ff
621,621,0,0,0,0,7f,ff
622,622,0,0,0,0,7f,ff
623,623,0,0,0,0,7f,ff
624,624,0,0,0,0,7f,ff
625,625,0,0,0,0,7f,ff
626,626,0,0,0,0,7f,ff
627,627,0,0,0,0,7f,ff
628,628,0,0,0,0,7f,ff
629,629,0,0,0,0,7f,ff
630,630,0,0,0,0,7f,ff
631,631,0,0,0,0,7f,ff
632,632,0,0,0,0,7f,ff
633,633,0,0,0,0,7f,ff
634,634,0,0,0,0,7f,ff
635,635,0,0,0,0,7f,ff
636,636,0,0,0,0,7f,ff
637,637,0,0,0,0,7f,ff
638,638,0,0,0,0,7f,ff
639,639,0,0,0,0,7f,ff
640,640,0,0,0,0,7f,ff
641,641,0,0,0,0,7f,ff
642,642,0,0,0,0,7f,ff
643,643,0,0,0,0,7f,ff
644,644,0,0,0,0,7f,ff
645,645,0,0,0,0,7f,ff
646,646,0,0,0,0,7f,ff
647,647,0,0,0,0,7f,ff
648,648,0,0,0,0,7f,ff
649,649,0,0,0,0,7f,ff
650,650,0,0,0,0,7f,ff
651,651,0,0,0,0,7f,ff
652,652,0,0,0,0,7f,ff
653,653,0,0,0,0,7f,ff
654,654,0,0,0,0,7f,ff
655,655,0,0,0,0,7f,ff
656,656,0,0,0,0,7f,ff
657,657,0,0,0,0,7f,ff
658,658,0,0,0,0,7f,ff
659,659,0,0,0,0,7f,ff
660,660,0,0,0,0,7f,ff
661,661,0,0,0,0,7f,ff
662,662,0,0,0,0,7f,ff
663,663,0,0,0,0,7f,ff
664,664,0,0,0,0,7f,ff
665,665,0,0,0,0,7f,ff
666,666,0,0,0,0,7f,ff
667,667,0,0,0,0,7f,ff
668,668,0,0,0,0,7f,ff
669,669,0,0,0,0,7f,ff
670,670,0,0,0,0,7f,ff
671,671,0,0,0,0,7f,ff
672,672,0,0,0,0,7f,ff
673,673,0,0,0,0,7f,ff
674,674,0,0,0,0,7f,ff
675,675,0,0,0,0,7f,ff
676,676,0,0,0,0,7f,ff
677,677,0,0,0,0,7f,ff
678,678,0,0,0,0,7f,ff
679,679,0,0,0,0,7f,ff
680,680,0,0,0,0,7f,ff
681,681,0,0,0,0,7f,ff
682,682,0,0,0,0,7f,ff
683,683,0,0,0,0,7f,ff
684,684,0,0,0,0,7f,ff
685,685,0,0,0,0,7f,ff
686,686,0,0,0,0,7f,ff
687,687,0,0,0,0,7f,ff
688,688,0,0,0,0,7f,ff
689,689,0,0,0,0,7f,ff
690,690,0,0,0,0,7f,ff
691,691,0,0,0,0,7f,ff
692,692,0,0,0,0,7f,ff
693,693,0,0,0,0,7f,ff
694,694,0,0,0,0,7f,ff
695,695,0,0,0,0,7f,ff
696,696,0,0,0,0,7f,ff
697,697,0,0,0,0,7f,ff
698,698,0,0,0,0,7f,ff
699,699,0,0,0,0,7f,ff
700,700,0,0,0,0,7f,ff
701,701,0,0,0,0,7f,ff
702,702,0,0,0,0,7f,ff
703,703,0,0,0,0,7f,ff
704,704,0,0,0,0,7f,ff
705,705,0,0,0,0,7f,ff
706,706,0,0,0,0,7f,ff
707,707,0,0,0,0,7f,ff
708,708,0,0,0,0,7f,ff
709,709,0,0,0,0,7f,ff
710,710,0,0,0,0,7f,ff
711,711,0,0,0,0,7f,ff
712,712,0,0,0,0,7f,ff
713,713,0,0,0,0,7f,ff
714,714,0,0,0,0,7f,ff
715,715,0,0,0,0,7f,ff
716,716,0,0,0,0,7f,ff
717,717,0,0,0,0,7f,ff
718,718,0,0,0,0,7f,ff
719,719,0,0,0,0,7f,ff
720,720,0,0,0,0,7f,ff
721,721,0,0,0,0,7f,ff
722,722,0,0,0,0,7f,ff
723,723,0,0,0,0,7f,ff
724,724,0,0,0,0,7f,ff
725,725,0,0,0,0,7f,ff
726,726,0,0,0,0,7f,ff
727,727,0,0,0,0,7f,ff
728,728,0,0,0,0,7f,ff
729,729,0,0,0,0,7f,ff
730,730,0,0,0,0,7f,ff
731,731,0,0,0,0,7f,ff
732,732,0,0,0,0,7f,ff
733,733,0,0,0,0,7f,ff
734,734,0,0,0,0,7f,ff
735,735,0,0,0,0,7f,ff
736,736,0,0,0,0,7f,ff
737,737,0,0,0,0,7f,ff
738,738,0,0,0,0,7f,ff
739,739,0,0,0,0,7f,ff
740,740,0,0,0,0,7f,ff
741,741,0,0,0,0,7f,ff
742,742,0,0,0,0,7f,ff
743,743,0,0,0,0,7f,ff
744,744,0,0,0,0,7f,ff
745,745,0,0,0,0,7f,ff
746,746,0,0,0,0,7f,ff
747,747,0,0,0,0,7f,ff
748,748,0,0,0,0,7f,ff
749,749,0,0,0,0,7f,ff
750,750,0,0,0,0,7f,ff
751,751,0,0,0,0,7f,ff
752,752,0,0,0,0,7f,ff
753,753,0,0,0,0,7f,ff
754,754,0,0,0,0,7f,ff
755,755,0,0,0,0,7f,ff
756,756,0,0,0,0,7f,ff
757,757,0,0,0,0,7f,ff
758,758,0,0,0,0,7f,ff
759,759,0,0,0,0,7f,ff
760,760,0,0,0,0,7f,ff
761,761,0,0,0,0,7f,ff
762,762,0,0,0,0,7f,ff
763,763,0,0,0,0,7f,ff
764,764,0,0,0,0,7f,ff
765,765,0,0,0,0,7f,ff
766,766,0,0,0,0,7f,ff
767,767,0,0,0,0,7f,ff
768,768,0,0,0,0,7f,ff
769,769,0,0,0,0,7f,ff
770,770,0,0,0,0,7f,ff
771,771,0,0,0,0,7f,ff
772,772,0,0,0,0,7f,ff
773,773,0,0,0,0,7f,ff
774,774,0,0,0,0,7f,ff
775,775,0,0,0,0,7f,ff
776,776,0,0,0,0,7f,ff
777,777,0,0,0,0,7f,ff
778,778,0,0,0,0,7f,ff
779,779,0,0,0,0,7f,ff
780,780,0,0,0,0,7f,ff
781,781,0,0,0,0,7f,ff
782,782,0,0,0,0,7f,ff
783,783,0,0,0,0,7f,ff
784,784,0,0,0,0,7f,ff
785,785,0,0,0,0,7f,ff
786,786,0,0,0,0,7f,ff
787,787,0,0,0,0,7f,ff
788,788,0,0,0,0,7f,ff
789,789,0,0,0,0,7f,ff
790,790,0,0,0,0,7f,ff
791,791,0,0,0,0,7f,ff
792,792,0,0,0,0,7f,ff
793,793,0,0,0,0,7f,ff
794,794,0,0,0,0,7f,ff
795,795,0,0,0,0,7f,ff
796,796,0,0,0,0,7f,ff
797,797,0,0,0,0,7f,ff
798,798,0,0,0,0,7f,ff
799,799,0,0,0,0,7f,ff
800,800,0,0,0,0,7f,ff
801,801,0,0,0,0,7f,ff
802,802,0,0,0,0,7f,ff
803,803,0,0,0,0,7f,ff
804,804,0,0,0,0,7f,ff
805,805,0,0,0,0,7f,ff
806,806,0,0,0,0,7f,ff
807,807,0,0,0,0,7f,ff
808,808,0,0,0,0,7f,ff
809,809,0,0,0,0,7f,ff
810,810,0,0,0,0,7f,ff
811,811,0,0,0,0,7f,ff
812,812,0,0,0,0,7f,ff
813,813,0,0,0,0,7f,ff
814,814,0,0,0,0,7f,ff
815,815,0,0,0,0,7f,ff
816,816,0,0,0,0,7f,ff
817,817,0,0,0,0,7f,ff
818,818,0,0,0,0,7f,ff
819,819,0,0,0,0,7f,ff
820,820,0,0,0,0,7f,ff
821,821,0,0,0,0,7f,ff
822,822,0,0,0,0,7f,ff
823,823,0,0,0,0,7f,ff
824,824,0,0,0,0,7f,ff
825,825,0,0,0,0,7f,ff
826,826,0,0,0,0,7f,ff
827,827,0,0,0,0,7f,ff
828,828,0,0,0,0,7f,ff
829,829,0,0,0,0,7f,ff
830,830,0,0,0,0,7f,ff
831,831,0,0,0,0,7f,ff
832,832,0,0,0,0,7f,ff
833,833,0,0,0,0,7f,ff
834,834,0,0,0,0,7f,ff
835,835,0,0,0,0,7f,ff
836,836,0,0,0,0,7f,ff
837,837,0,0,0,0,7f,ff
838,838,0,0,0,0,7f,ff
839,839,0,0,0,0,7f,ff
840,840,0,0,0,0,7f,ff
841,841,0,0,0,0,7f,ff
842,842,0,0,0,0,7f,ff
843,843,0,0,0,0,7f,ff
844,844,0,0,0,0,7f,ff
845,845,0,0,0,0,7f,ff
846,846,0,0,0,0,7f,ff
847,847,0,0,0,0,7f,ff
848,848,0,0,0,0,7f,ff
849,849,0,0,0,0,7f,ff
850,850,0,0,0,0,7f,ff
851,851,0,0,0,0,7f,ff
852,852,0,0,0,0,7f,ff
853,853,0,0,0,0,7f,ff
854,854,0,0,0,0,7f,ff
855,855,0,0,0,0,7f,ff
856,856,0,0,0,0,7f,ff
857,857,0,0,0,0,7f,ff
858,858,0,0,0,0,7f,ff
859,859,0,0,0,0,7f,ff
860,860,0,0,0,0,7f,ff
861,861,0,0,0,0,7f,ff
862,862,0,0,0,0,7f,ff
863,863,0,0,0,0,7f,ff
864,864,0,0,0,0,7f,ff
865,865,0,0,0,0,7f,ff
866,866,0,0,0,0,7f,ff
867,867,0,0,0,0,7f,ff
868,868,0,0,0,0,7f,ff
869,869,0,0,0,0,7f,ff
870,870,0,0,0,0,7f,ff
871,871,0,0,0,0,7f,ff
872,872,0,0,0,0,7f,ff
873,873,0,0,0,0,7f,ff
874,874,0,0,0,0,7f,ff
875,875,0,0,0,0,7f,ff
876,876,0,0,0,0,7f,ff
877,877,0,0,0,0,7f,ff
878,878,0,0,0,0,7f,ff
879,879,0,0,0,0,7f,ff
880,880,0,0,0,0,7f,ff
881,881,0,0,0,0,7f,ff
882,882,0,0,0,0,7f,ff
883,883,0,0,0,0,7f,ff
884,884,0,0,0,0,7f,ff
885,885,0,0,0,0,7f,ff
886,886,0,0,0,0,7f,ff
887,887,0,0,0,0,7f,ff
888,888,0,0,0,0,7f,ff
889,889,0,0,0,0,7f,ff
890,890,0,0,0,0,7f,ff
891,891,0,0,0,0,7f,ff
892,892,0,0,0,0,7f,ff
893,893,0,0,0,0,7f,ff
894,894,0,0,0,0,7f,ff
895,895,0,0,0,0,7f,ff
896,896,0,0,0,0,7f,ff
897,897,0,0,0,0,7f,ff
898,898,0,0,0,0,7f,ff
899,899,0,0,0,0,7f,ff
900,900,0,0,0,0,7f,ff
901,901,0,0,0,0,7f,ff
902,902,0,0,0,0,7f,ff
903,903,0,0,0,0,7f,ff
904,904,0,0,0,0,7f,ff
905,905,0,0,0,0,7f,ff
906,906,0,0,0,0,7f,ff
907,907,0,0,0,0,7f,ff
908,908,0,0,0,0,7f,ff
909,909,0,0,0,0,7f,ff
910,910,0,0,0,0,7f,ff
911,911,0,0,0,0,7f,ff
912,912,0,0,0,0,7f,ff
913,913,0,0,0,0,7f,ff
914,914,0,0,0,0,7f,ff
915,915,0,0,0,0,7f,ff
916,916,0,0,0,0,7f,ff
917,917,0,0,0,0,7f,ff
918,918,0,0,0,0,7f,ff
919,919,0,0,0,0,7f,ff
920,920,0,0,0,0,7f,ff
921,921,0,0,0,0,7f,ff
922,922,0,0,0,0,7f,ff
923,923,0,0,0,0,7f,ff
924,924,0,0,0,0,7f,ff
925,925,0,0,0,0,7f,ff
926,926,0,0,0,0,7f,ff
927,927,0,0,0,0,7f,ff
928,928,0,0,0,0,7f,ff
929,929,0,0,0,0,7f,ff
930,930,0,0,0,0,7f,ff
931,931,0,0,0,0,7f,ff
932,932,0,0,0,0,7f,ff
933,933,0,0,0,0,7f,ff
934,934,0,0,0,0,7f,ff
935,935,0,0,0,0,7f,ff
936,936,0,0,0,0,7f,ff
937,937,0,0,0,0,7f,ff
938,938,0,0,0,0,7f,ff
939,939,0,0,0,0,7f,ff
940,940,0,0,0,0,7f,ff
941,941,0,0,0,0,7f,ff
942,942,0,0,0,0,7f,ff
943,943,0,0,0,0,7f,ff
944,944,0,0,0,0,7f,ff
945,945,0,0,0,0,7f,ff
946,946,0,0,0,0,7f,ff
947,947,0,0,0,0,7f,ff
948,948,0,0,0,0,7f,ff
949,949,0,0,0,0,7f,ff
950,950,0,0,0,0,7f,ff
951,951,0,0,0,0,7f,ff
952,952,0,0,0,0,7f,ff
953,953,0,0,0,0,7f,ff
954,954,0,0,0,0,7f,ff
955,955,0,0,0,0,7f,ff
956,956,0,0,0,0,7f,ff
957,957,0,0,0,0,7f,ff
958,958,0,0,0,0,7f,ff
959,959,0,0,0,0,7f,ff
960,960,0,0,0,0,7f,ff
961,961,0,0,0,0,7f,ff
962,962,0,0,0,0,7f,ff
963,963,0,0,0,0,7f,ff
964,964,0,0,0,0,7f,ff
965,965,0,0,0,0,7f,ff
966,966,0,0,0,0,7f,ff
967,967,0,0,0,0,7f,ff
968,968,0,0,0,0,7f,ff
969,969,0,0,0,0,7f,ff
970,970,0,0,0,0,7f,ff
971,971,0,0,0,0,7f,ff
972,972,0,0,0,0,7f,ff
973,973,0,0,0,0,7f,ff
974,974,0,0,0,0,7f,ff
975,975,0,0,0,0,7f,ff
976,976,0,0,0,0,7f,ff
977,977,0,0,0,0,7f,ff
978,978,0,0,0,0,7f,ff
979,979,0,0,0,0,7f,ff
980,980,0,0,0,0,7f,ff
981,981,0,0,0,0,7f,ff
982,982,0,0,0,0,7f,ff
983,983,0,0,0,0,7f,ff
984,984,0,0,0,0,7f,ff
985,985,0,0,0,0,7f,ff
986,986,0,0,0,0,7f,ff
987,987,0,0,0,0,7f,ff
988,988,0,0,0,0,7f,ff
989,989,0,0,0,0,7f,ff
990,990,0,0,0,0,7f,ff
991,991,0,0,0,0,7f,ff
992,992,0,0,0,0,7f,ff
993,993,0,0,0,0,7f,ff
994,994,0,0,0,0,7f,ff
995,995,0,0,0,0,7f,ff
996,996,0,0,0,0,7f,ff
997,997,0,0,0,0,7f,ff
998,998,0,0,0,0,7f,ff
999,999,0,0,0,0,7f,ff
1000,1000,0,0,0,0,7f,ff
1001,1001,0,0,0,0,7f,ff
1002,1002,0,0,0,0,7f,ff
1003,1003,0,0,0,0,7f,ff
1004,1004,0,0,0,0,7f,ff
1005,1005,0,0,0,0,7f,ff
1006,1006,0,0,0,0,7f,ff
1007,1007,0,0,0,0,7f,ff
1008,1008,0,0,0,0,7f,ff
1009,1009,0,0,0,0,7f,ff
1010,1010,0,0,0,0,7f,ff
1011,1011,0,0,0,0,7f,ff
1012,1012,0,0,0,0,7f,ff
1013,1013,0,0,0,0,7f,ff
1014,1014,0,0,0,0,7f,ff
1015,1015,0,0,0,0,7f,ff
1016,1016,0,0,0,0,7f,ff
1017,1017,0,0,0,0,7f,ff
1018,1018,0,0,0,0,7f,ff
1019,1019,0,0,0,0,7f,ff
1020,1020,0,0,0,0,7f,ff
1021,1021,0,0,0,0,7f,ff
1022,1022,0,0,0,0,7f,ff
1023,1023,0,0,0,0,7f,ff
